Name,Size,Rank,FacTime,FacError,NumSwaps,SwapTIme,SwapError,Ucond,Unnz
FA.mat,10617,1062,2.783944,2.22044604925031e-16,20,16.260444,1.16415321826935e-10,47721571087.4108,19068
,0,0,0,-1,0,0,-1,0,0
,0,0,0,-1,0,0,-1,0,0
,0,0,0,-1,0,0,-1,0,0
,0,0,0,-1,0,0,-1,0,0
,0,0,0,-1,0,0,-1,0,0
,0,0,0,-1,0,0,-1,0,0
