Name,Size,Rank,FacTime,FacError,NumSwaps,SwapTIme,SwapError,Ucond,Unnz
FA.mat,10617,1062,5.021802,2.22044604925031e-16,20,7.358312,3.42656066573799e-16,10.7865168539326,15428
,0,0,0,-1,0,0,-1,0,0
,0,0,0,-1,0,0,-1,0,0
,0,0,0,-1,0,0,-1,0,0
,0,0,0,-1,0,0,-1,0,0
,0,0,0,-1,0,0,-1,0,0
,0,0,0,-1,0,0,-1,0,0
